{
    "audiontt_input_frames=32011:52_07Jul_model_100": {
        "environmental": {
            "beehive_states_fold0-v2-full": 0.5524811921296295,
            "beehive_states_fold1-v2-full": 0.5524811921296295,
            "esc50-v2.0.0-full": 0.7554999947547912,
            "fsd50k-v1.0-full": 0.4493627057084634,
            "gunshot_triangulation-v1.0-full": 0.8898809552192688,
            "AVERAGE": 0.6399412079883565
        },
        "speech": {
            "speech_commands-v0.0.2-5h": 0.8899795413017273,
            "speech_commands-v0.0.2-full": 0.9083844423294067,
            "tfds_crema_d-1.0.0-full": 0.6220746517181397,
            "vocal_imitation-v1.1.3-full": 0.11923257470586618,
            "vox_lingua_top10-hear2021-full": 0.3694369554519653,
            "libricount-v1.0.0-hear2021-full": 0.7800699353218079,
            "AVERAGE": 0.6148630168048189
        },
        "music": {
            "beijing_opera-v1.0-hear2021-full": 0.9320035576820374,
            "mridangam_stroke-v1.5-full": 0.9760647535324096,
            "mridangam_tonic-v1.5-full": 0.9653141140937805,
            "nsynth_pitch-v2.2.3-50h": 0.7955664992332458,
            "nsynth_pitch-v2.2.3-5h": 0.656000018119812,
            "tfds_gtzan-1.0.0-full": 0.8029999911785126,
            "tfds_gtzan_music_speech-1.0.0-full": 0.9762820541858673,
            "AVERAGE": 0.8720329982893807
        },
        "other": {
            "dcase2016_task2-hear2021-full": 0.8367347121238708,
            "maestro-v3.0.0-5h": 0.054857832938432695,
            "AVERAGE": 0.4457962725311518
        }
    },
    "audiontt_mixup+RRC13:40_07Jul_model_100": {
        "environmental": {},
        "speech": {},
        "music": {},
        "other": {}
    },
    "audiontt_mixup21:23_07Jul_model_100": {
        "environmental": {},
        "speech": {},
        "music": {},
        "other": {}
    },
    "audiontt_out_dim=409615:00_07Jul_model_100": {
        "environmental": {
            "beehive_states_fold0-v2-full": 0.5800419560185185,
            "beehive_states_fold1-v2-full": 0.6183931327160493,
            "esc50-v2.0.0-full": 0.7579999923706054,
            "fsd50k-v1.0-full": 0.4480399185585918,
            "gunshot_triangulation-v1.0-full": 0.913690481867109,
            "AVERAGE": 0.6636330963061748
        },
        "speech": {
            "speech_commands-v0.0.2-5h": 0.8773006200790405,
            "speech_commands-v0.0.2-full": 0.9071574807167053,
            "tfds_crema_d-1.0.0-full": 0.6187130808830261,
            "vocal_imitation-v1.1.3-full": 0.09814561613672741,
            "vox_lingua_top10-hear2021-full": 0.352931535243988,
            "libricount-v1.0.0-hear2021-full": 0.7569930195808411,
            "AVERAGE": 0.6018735587733881
        },
        "music": {
            "beijing_opera-v1.0-hear2021-full": 0.9576241135597229,
            "mridangam_stroke-v1.5-full": 0.976781702041626,
            "mridangam_tonic-v1.5-full": 0.9680370926856995,
            "nsynth_pitch-v2.2.3-50h": 0.7948275804519653,
            "nsynth_pitch-v2.2.3-5h": 0.6359999775886536,
            "tfds_gtzan-1.0.0-full": 0.8090000092983246,
            "tfds_gtzan_music_speech-1.0.0-full": 0.9615384638309479,
            "AVERAGE": 0.8719727056367057
        },
        "other": {
            "dcase2016_task2-hear2021-full": 0.8352402448654175,
            "maestro-v3.0.0-5h": 0.05901892706751823,
            "AVERAGE": 0.44712958596646785
        }
    },
    "audiontt_out_dim=6413:56_07Jul_model_100": {
        "environmental": {
            "beehive_states_fold0-v2-full": 0.46049141589506176,
            "beehive_states_fold1-v2-full": 0.5108506944444444,
            "esc50-v2.0.0-full": 0.7575000047683715,
            "fsd50k-v1.0-full": 0.44933493441475525,
            "gunshot_triangulation-v1.0-full": 0.9166666609900338,
            "AVERAGE": 0.6189687421025333
        },
        "speech": {
            "speech_commands-v0.0.2-5h": 0.8858895897865295,
            "speech_commands-v0.0.2-full": 0.9208589196205139,
            "tfds_crema_d-1.0.0-full": 0.6133360981941223,
            "vocal_imitation-v1.1.3-full": 0.1154168657928668,
            "vox_lingua_top10-hear2021-full": 0.34466296434402466,
            "libricount-v1.0.0-hear2021-full": 0.777622377872467,
            "AVERAGE": 0.6096311359350874
        },
        "music": {
            "beijing_opera-v1.0-hear2021-full": 0.9532801508903503,
            "mridangam_stroke-v1.5-full": 0.9776412963867187,
            "mridangam_tonic-v1.5-full": 0.9704728364944458,
            "nsynth_pitch-v2.2.3-50h": 0.80147784948349,
            "nsynth_pitch-v2.2.3-5h": 0.6259999871253967,
            "tfds_gtzan-1.0.0-full": 0.7899999916553497,
            "tfds_gtzan_music_speech-1.0.0-full": 0.9538461565971375,
            "AVERAGE": 0.8675311812332698
        },
        "other": {
            "dcase2016_task2-hear2021-full": 0.800000011920929,
            "maestro-v3.0.0-5h": 0.05352214500308037,
            "AVERAGE": 0.4267610784620047
        }
    },
    "audiontt_out_dim=104815:03_07Jul_model_100": {
        "environmental": {
            "beehive_states_fold0-v2-full": 0.37723042052469136,
            "beehive_states_fold1-v2-full": 0.6519820601851851,
            "esc50-v2.0.0-full": 0.7729999899864197,
            "fsd50k-v1.0-full": 0.4377553537659759,
            "gunshot_triangulation-v1.0-full": 0.8898809552192688,
            "AVERAGE": 0.6259697559363082
        },
        "speech": {
            "speech_commands-v0.0.2-5h": 0.8670756816864014,
            "speech_commands-v0.0.2-full": 0.9118609428405762,
            "tfds_crema_d-1.0.0-full": 0.622348177433014,
            "vocal_imitation-v1.1.3-full": 0.11325589615769305,
            "vox_lingua_top10-hear2021-full": 0.33850383162498476,
            "libricount-v1.0.0-hear2021-full": 0.7562937021255494,
            "AVERAGE": 0.6015563719780364
        },
        "music": {
            "beijing_opera-v1.0-hear2021-full": 0.9619680881500244,
            "mridangam_stroke-v1.5-full": 0.9766379117965698,
            "mridangam_tonic-v1.5-full": 0.9648831844329834,
            "nsynth_pitch-v2.2.3-50h": 0.7980295419692993,
            "nsynth_pitch-v2.2.3-5h": 0.6299999952316284,
            "tfds_gtzan-1.0.0-full": 0.7959999918937684,
            "tfds_gtzan_music_speech-1.0.0-full": 0.9378205180168152,
            "AVERAGE": 0.8664770330701556
        },
        "other": {
            "dcase2016_task2-hear2021-full": 0.8390804529190063,
            "maestro-v3.0.0-5h": 0.05489109084010124,
            "AVERAGE": 0.4469857718795538
        }
    },
    "audiontt_input_frames=16011:52_07Jul_model_100": {
        "environmental": {
            "beehive_states_fold0-v2-full": 0.4494598765432099,
            "beehive_states_fold1-v2-full": 0.46454234182098764,
            "esc50-v2.0.0-full": 0.7679999947547913,
            "fsd50k-v1.0-full": 0.44276882744230794,
            "gunshot_triangulation-v1.0-full": 0.8482142857142857,
            "AVERAGE": 0.5945970652551165
        },
        "speech": {
            "speech_commands-v0.0.2-5h": 0.8805726170539856,
            "speech_commands-v0.0.2-full": 0.9184049367904663,
            "tfds_crema_d-1.0.0-full": 0.5992186903953552,
            "vocal_imitation-v1.1.3-full": 0.11966766693286156,
            "vox_lingua_top10-hear2021-full": 0.36421358585357666,
            "libricount-v1.0.0-hear2021-full": 0.7769230842590332,
            "AVERAGE": 0.6098334302142131
        },
        "music": {
            "beijing_opera-v1.0-hear2021-full": 0.9703900694847107,
            "mridangam_stroke-v1.5-full": 0.9777845501899719,
            "mridangam_tonic-v1.5-full": 0.9666026711463929,
            "nsynth_pitch-v2.2.3-50h": 0.8007389307022095,
            "nsynth_pitch-v2.2.3-5h": 0.628000020980835,
            "tfds_gtzan-1.0.0-full": 0.7949999928474426,
            "tfds_gtzan_music_speech-1.0.0-full": 0.9692307710647583,