{
    "audiontt_input_frames=32011:52_07Jul_model_100": {
        "beehive_states_fold0-v2-full": 0.5524811921296295,
        "beehive_states_fold1-v2-full": 0.5524811921296295,
        "beijing_opera-v1.0-hear2021-full": 0.9320035576820374,
        "dcase2016_task2-hear2021-full": 0.8367347121238708,
        "esc50-v2.0.0-full": 0.7554999947547912,
        "fsd50k-v1.0-full": 0.4493627057084634,
        "gunshot_triangulation-v1.0-full": 0.8898809552192688,
        "libricount-v1.0.0-hear2021-full": 0.7800699353218079,
        "maestro-v3.0.0-5h": 0.054857832938432695,
        "mridangam_stroke-v1.5-full": 0.9760647535324096,
        "mridangam_tonic-v1.5-full": 0.9653141140937805,
        "nsynth_pitch-v2.2.3-50h": 0.7955664992332458,
        "nsynth_pitch-v2.2.3-5h": 0.656000018119812,
        "speech_commands-v0.0.2-5h": 0.8899795413017273,
        "speech_commands-v0.0.2-full": 0.9083844423294067,
        "tfds_crema_d-1.0.0-full": 0.6220746517181397,
        "tfds_gtzan-1.0.0-full": 0.8029999911785126,
        "tfds_gtzan_music_speech-1.0.0-full": 0.9762820541858673,
        "vocal_imitation-v1.1.3-full": 0.11923257470586618,
        "vox_lingua_top10-hear2021-full": 0.3694369554519653,
        "AVERAGE": 0.6942353836929333
    },
    "audiontt_mixup21:23_07Jul_model_100": {},
    "audiontt_out_dim=409615:00_07Jul_model_100": {
        "beehive_states_fold0-v2-full": 0.5800419560185185,
        "beehive_states_fold1-v2-full": 0.6183931327160493,
        "beijing_opera-v1.0-hear2021-full": 0.9576241135597229,
        "dcase2016_task2-hear2021-full": 0.8352402448654175,
        "esc50-v2.0.0-full": 0.7579999923706054,
        "fsd50k-v1.0-full": 0.4480399185585918,
        "gunshot_triangulation-v1.0-full": 0.913690481867109,
        "libricount-v1.0.0-hear2021-full": 0.7569930195808411,
        "maestro-v3.0.0-5h": 0.05901892706751823,
        "mridangam_stroke-v1.5-full": 0.976781702041626,
        "mridangam_tonic-v1.5-full": 0.9680370926856995,
        "nsynth_pitch-v2.2.3-50h": 0.7948275804519653,
        "nsynth_pitch-v2.2.3-5h": 0.6359999775886536,
        "speech_commands-v0.0.2-5h": 0.8773006200790405,
        "speech_commands-v0.0.2-full": 0.9071574807167053,
        "tfds_crema_d-1.0.0-full": 0.6187130808830261,
        "tfds_gtzan-1.0.0-full": 0.8090000092983246,
        "tfds_gtzan_music_speech-1.0.0-full": 0.9615384638309479,
        "vocal_imitation-v1.1.3-full": 0.09814561613672741,
        "vox_lingua_top10-hear2021-full": 0.352931535243988,
        "AVERAGE": 0.6963737472780539
    },
    "audiontt_out_dim=6413:56_07Jul_model_100": {
        "beehive_states_fold0-v2-full": 0.46049141589506176,
        "beehive_states_fold1-v2-full": 0.5108506944444444,
        "beijing_opera-v1.0-hear2021-full": 0.9532801508903503,
        "dcase2016_task2-hear2021-full": 0.800000011920929,
        "esc50-v2.0.0-full": 0.7575000047683715,
        "fsd50k-v1.0-full": 0.44933493441475525,
        "gunshot_triangulation-v1.0-full": 0.9166666609900338,
        "libricount-v1.0.0-hear2021-full": 0.777622377872467,
        "maestro-v3.0.0-5h": 0.05352214500308037,
        "mridangam_stroke-v1.5-full": 0.9776412963867187,
        "mridangam_tonic-v1.5-full": 0.9704728364944458,
        "nsynth_pitch-v2.2.3-50h": 0.80147784948349,
        "nsynth_pitch-v2.2.3-5h": 0.6259999871253967,
        "speech_commands-v0.0.2-5h": 0.8858895897865295,
        "speech_commands-v0.0.2-full": 0.9208589196205139,
        "tfds_crema_d-1.0.0-full": 0.6133360981941223,
        "tfds_gtzan-1.0.0-full": 0.7899999916553497,
        "tfds_gtzan_music_speech-1.0.0-full": 0.9538461565971375,
        "vocal_imitation-v1.1.3-full": 0.1154168657928668,
        "vox_lingua_top10-hear2021-full": 0.34466296434402466,
        "AVERAGE": 0.6839435475840044
    },
    "audiontt_out_dim=104815:03_07Jul_model_100": {
        "beehive_states_fold0-v2-full": 0.37723042052469136,
        "beehive_states_fold1-v2-full": 0.6519820601851851,
        "beijing_opera-v1.0-hear2021-full": 0.9619680881500244,
        "dcase2016_task2-hear2021-full": 0.8390804529190063,
        "esc50-v2.0.0-full": 0.7729999899864197,
        "fsd50k-v1.0-full": 0.4377553537659759,
        "gunshot_triangulation-v1.0-full": 0.8898809552192688,
        "libricount-v1.0.0-hear2021-full": 0.7562937021255494,
        "maestro-v3.0.0-5h": 0.05489109084010124,
        "mridangam_stroke-v1.5-full": 0.9766379117965698,
        "mridangam_tonic-v1.5-full": 0.9648831844329834,
        "nsynth_pitch-v2.2.3-50h": 0.7980295419692993,
        "nsynth_pitch-v2.2.3-5h": 0.6299999952316284,
        "speech_commands-v0.0.2-5h": 0.8670756816864014,
        "speech_commands-v0.0.2-full": 0.9118609428405762,
        "tfds_crema_d-1.0.0-full": 0.622348177433014,
        "tfds_gtzan-1.0.0-full": 0.7959999918937684,
        "tfds_gtzan_music_speech-1.0.0-full": 0.9378205180168152,
        "vocal_imitation-v1.1.3-full": 0.11325589615769305,
        "vox_lingua_top10-hear2021-full": 0.33850383162498476,
        "AVERAGE": 0.6849248893399978
    },
    "audiontt_input_frames=16011:52_07Jul_model_100": {
        "beehive_states_fold0-v2-full": 0.4494598765432099,
        "beehive_states_fold1-v2-full": 0.46454234182098764,
        "beijing_opera-v1.0-hear2021-full": 0.9703900694847107,
        "dcase2016_task2-hear2021-full": 0.7875288724899292,
        "esc50-v2.0.0-full": 0.7679999947547913,
        "fsd50k-v1.0-full": 0.44276882744230794,
        "gunshot_triangulation-v1.0-full": 0.8482142857142857,
        "libricount-v1.0.0-hear2021-full": 0.7769230842590332,
        "maestro-v3.0.0-5h": 0.05382560342550278,
        "mridangam_stroke-v1.5-full": 0.9777845501899719,
        "mridangam_tonic-v1.5-full": 0.9666026711463929,
        "nsynth_pitch-v2.2.3-50h": 0.8007389307022095,
        "nsynth_pitch-v2.2.3-5h": 0.628000020980835,
        "speech_commands-v0.0.2-5h": 0.8805726170539856,
        "speech_commands-v0.0.2-full": 0.9184049367904663,
        "tfds_crema_d-1.0.0-full": 0.5992186903953552,
        "tfds_gtzan-1.0.0-full": 0.7949999928474426,
        "tfds_gtzan_music_speech-1.0.0-full": 0.9692307710647583,
        "vocal_imitation-v1.1.3-full": 0.11966766693286156,
        "vox_lingua_top10-hear2021-full": 0.36421358585357666,
        "AVERAGE": 0.6790543694946306
    },
    "audiontt_input_frames=3211:51_07Jul_model_100": {
        "beehive_states_fold0-v2-full": 0.589891975308642,
        "beehive_states_fold1-v2-full": 0.642578125,
        "beijing_opera-v1.0-hear2021-full": 0.9617907881736756,
        "dcase2016_task2-hear2021-full": 0.8009259104728699,
        "esc50-v2.0.0-full": 0.7404999971389771,
        "fsd50k-v1.0-full": 0.4322879405912575,
        "gunshot_triangulation-v1.0-full": 0.8779761876378741,
        "libricount-v1.0.0-hear2021-full": 0.7877622365951538,
        "maestro-v3.0.0-5h": 0.052609700709581375,
        "mridangam_stroke-v1.5-full": 0.9754913806915283,
        "mridangam_tonic-v1.5-full": 0.9641658186912536,
        "nsynth_pitch-v2.2.3-50h": 0.7992610931396484,
        "nsynth_pitch-v2.2.3-5h": 0.6420000195503235,
        "speech_commands-v0.0.2-5h": 0.847034752368927,
        "speech_commands-v0.0.2-full": 0.8985685110092163,
        "tfds_crema_d-1.0.0-full": 0.6029837608337403,
        "tfds_gtzan-1.0.0-full": 0.7799999952316284,
        "tfds_gtzan_music_speech-1.0.0-full": 0.9455128252506256,
        "vocal_imitation-v1.1.3-full": 0.09349515308889374,
        "vox_lingua_top10-hear2021-full": 0.3127676427364349,
        "AVERAGE": 0.6873801907110126
    },
    "audiontt_asymm_sg+predictor21:00_Jul25_model_100": {
        "beehive_states_fold0-v2-full": 0.5065586419753086,
        "beehive_states_fold1-v2-full": 0.5339023919753085,
        "beijing_opera-v1.0-hear2021-full": 0.9578014254570008,
        "dcase2016_task2-hear2021-full": 0.8251428604125977,
        "esc50-v2.0.0-full": 0.7434999942779541,
        "fsd50k-v1.0-full": 0.43986271903219726,